{"is_source_file": true, "format": "md", "description": ".md file: README.md", "external_files": [], "external_methods": [], "published": [], "classes": [], "methods": [], "calls": [], "search-terms": ["README.md", "md"], "state": 2, "filename": "README.md", "format-version": 4, "code-base-name": "https://github.com/kavia-common/simple-todo-manager-6517-6528.git:kavia-main", "knowledge_revision": 3, "git_revision": "c9766c78abd6995f07d9de656fe2ee992fe1e925", "revision_history": [{"3": "c9766c78abd6995f07d9de656fe2ee992fe1e925"}]}